{
  "id": "",
  "name": "",
  "font_family": "iconfont",
  "css_prefix_text": "icon-",
  "description": "",
  "glyphs": [
    {
      "icon_id": "4114027",
      "name": "create_child_node",
      "font_class": "create_child_node",
      "unicode": "e684",
      "unicode_decimal": 59012
    },
    {
      "icon_id": "4114028",
      "name": "create_sibling_node",
      "font_class": "create_sibling_node",
      "unicode": "e685",
      "unicode_decimal": 59013
    },
    {
      "icon_id": "6849978",
      "name": "refresh",
      "font_class": "refresh",
      "unicode": "e74a",
      "unicode_decimal": 59210
    },
    {
      "icon_id": "9785633",
      "name": "file",
      "font_class": "file",
      "unicode": "e650",
      "unicode_decimal": 58960
    },
    {
      "icon_id": "11219375",
      "name": "tree",
      "font_class": "tree",
      "unicode": "e607",
      "unicode_decimal": 58887
    },
    {
      "icon_id": "17412468",
      "name": "Note",
      "font_class": "Note",
      "unicode": "e6ac",
      "unicode_decimal": 59052
    },
    {
      "icon_id": "18957370",
      "name": "upload",
      "font_class": "upload",
      "unicode": "e678",
      "unicode_decimal": 59000
    }
  ]
}
